# Coverage floors of the server's business modules, in percent (plan 10/10, item 1.4).
# Each floor is what the module had when the floors were set; a floor is raised, never lowered, and every module
# goes towards 80. scripts/quality/test-coverage-floors.ps1 checks them after mvn verify.
# 2026-09-28: line floors re-measured on the reformatted code (item 1.2). The formatter splits a long
# `if (x) return;` into two lines, so an untaken return became a line of its own: search went from 93 to 91 with
# the same tests and the same branches. Every other floor stayed or rose.
# 2026-10-01: fnd split into jobs, units and warehouse (plan 10/10, item 4.2, ADR-0030); each takes at least the
# fnd floor.
# 2026-10-01: kwh renamed to webhook (plan 10/10, item 4.3); the floor moves with the module unchanged.
# 2026-10-01: the fnd package with the old migrate entry point removed (no installations to keep, ADR-0030).
# 2026-10-02: example, the reference document of plan 10/10, item 5.7, at its first measure.
# 2026-10-03: analytics raised to 96/63 with the data scope tests of its endpoints (ADR-0013).
# 2026-10-08: webhook, mf, ms.notify and ms.task raised to their measured values with the tests of the delivery
# paths (target policy, retry and dead letter, storage failures, scan outcomes, delivery providers).
module,line,branch
analytics,96,63
audit,87,68
common,91,82
config,91,73
example,100,100
jobs,95,78
kauth,83,71
md,82,65
mf,94,74
ms.note,86,48
ms.notify,90,71
ms.task,94,76
report,90,72
search,91,75
units,97,94
upl,96,82
warehouse,94,82
webhook,97,83
